scenario_question_id,scenario_id,day,question_level_group,display_order,character_id,question_text,audio_url
365,44,44,LEVEL_1,1,chloe,Hi! What sport do you like?,https://d19azau1un4t7r.cloudfront.net/content/scenario-question-audio/365/ba6837982fe2f05dcb22181459326eaecc4521d9d2c7b19ff1011a210baddf35.mp3
366,44,44,LEVEL_1,2,chloe,We are the tennis club. Do you have a question?,https://d19azau1un4t7r.cloudfront.net/content/scenario-question-audio/366/8344463035d13e5100179d7c142770e9a1ae9df58386c542f28e913e92276832.mp3
367,44,44,LEVEL_1,3,chloe,We have a party this Friday. Do you want to come?,https://d19azau1un4t7r.cloudfront.net/content/scenario-question-audio/367/b6dd0c61e591c82879af433ee20fb64ae88ea16c1af43011e13e5dd3666ea0bf.mp3
368,44,44,LEVEL_2_TO_3,1,chloe,Hey! Are you planning to join a club this semester? What kind of clubs do you enjoy?,https://d19azau1un4t7r.cloudfront.net/content/scenario-question-audio/368/f512725f71a119deaabdc608de86c5a2b1a72459aa441f0c8c6f752cf7fa19f2.mp3
369,44,44,LEVEL_2_TO_3,2,chloe,"We're the tennis club. We play every Friday afternoon, and it costs five dollars a month. Is there anything you want to ask?",https://d19azau1un4t7r.cloudfront.net/content/scenario-question-audio/369/0b3c5661f401ea7d3ac4577127b82f131fd5b784eb0af1d6e50075e4518da5a6.mp3
370,44,44,LEVEL_2_TO_3,3,chloe,We're having a welcome party for new members this Friday. Would you like to join us?,https://d19azau1un4t7r.cloudfront.net/content/scenario-question-audio/370/ec2f7a4b42f6d9dcd72b9ffa4ce1a6351bf6a33de10b0e4cfad6a1b2e629894e.mp3
371,44,44,LEVEL_4_TO_5,1,chloe,Hey! Are you looking to join a club this semester? What kind of clubs are you into?,https://d19azau1un4t7r.cloudfront.net/content/scenario-question-audio/371/3224634dce5918a05e16efd28e400cd125bffb3e377666392387ea51d0b4d9db.mp3
372,44,44,LEVEL_4_TO_5,2,chloe,"We're the tennis club! We play every Friday afternoon, and the dues are five dollars a month — total beginners are welcome too. Anything you want to ask?",https://d19azau1un4t7r.cloudfront.net/content/scenario-question-audio/372/9314b28f0ceb0de5312417236e410013d0678608b55393fde57d3c819bb217ec.mp3
373,44,44,LEVEL_4_TO_5,3,chloe,"We're having a welcome party for new members this Friday — what do you say, wanna come?",https://d19azau1un4t7r.cloudfront.net/content/scenario-question-audio/373/078e984f7e19b38c83f61432fd2aff8d3b03e92ebcc608d491f9d07bd3257db8.mp3
374,41,41,LEVEL_1,1,chloe,There are so many foods! Which one is good?,https://d19azau1un4t7r.cloudfront.net/content/scenario-question-audio/374/6e1d504fa98d3582d8241f2007e8081ab62c71b001d900f01f539da17d0685d3.mp3
375,41,41,LEVEL_1,2,chloe,I can't eat spicy food. Is this one spicy?,https://d19azau1un4t7r.cloudfront.net/content/scenario-question-audio/375/1c9b4d0ec7ab07e6cadce10be11c3cb1d79b66710ab969862ac68913c5f09e8e.mp3
376,41,41,LEVEL_1,3,chloe,How do I eat this? Show me!,https://d19azau1un4t7r.cloudfront.net/content/scenario-question-audio/376/b095158f4c2c985a0df2b552369935cf166cc7ab545b5628ec170a698d86823f.mp3
377,41,41,LEVEL_2_TO_3,1,chloe,"There are so many dishes here. Which one would you pick for me, and why?",https://d19azau1un4t7r.cloudfront.net/content/scenario-question-audio/377/4eb208c952a7d9bd8e5de0b9e3bbc4245c1f874202e654c1de14e93da4a62997.mp3
378,41,41,LEVEL_2_TO_3,2,chloe,I'm not good with spicy food. Is this dish hot?,https://d19azau1un4t7r.cloudfront.net/content/scenario-question-audio/378/f2f627dc9aff426e706eb9a9c916af92ce55facbdfc1f957b7541659c6108609.mp3
379,41,41,LEVEL_2_TO_3,3,chloe,"How am I supposed to eat this? Do I mix everything, or eat each thing on its own?",https://d19azau1un4t7r.cloudfront.net/content/scenario-question-audio/379/3a2e47508d3af7c58ff6c6facaba6ca068c8749e57863858afc336129b51fe53.mp3
380,41,41,LEVEL_4_TO_5,1,chloe,There are so many options! What's the best thing here? You pick for me.,https://d19azau1un4t7r.cloudfront.net/content/scenario-question-audio/380/c3a5c48ef8858db98fdfff3b5c944b425ab3b79b8864045de4d9b56c79d10e5c.mp3
381,41,41,LEVEL_4_TO_5,2,chloe,I'm not great with spicy food… is this one really hot? Recommend me something mild.,https://d19azau1un4t7r.cloudfront.net/content/scenario-question-audio/381/2c3eff5ac47d789c0cffff1fa0751beb3b2fe5c3ffb1b1a504a952d84a01e3bc.mp3
382,41,41,LEVEL_4_TO_5,3,chloe,"Wait, how do I eat this? Am I supposed to mix everything together?",https://d19azau1un4t7r.cloudfront.net/content/scenario-question-audio/382/266b45cdbc44cd4e8b2cdb29f83cee412c585dead473c256b577f2fcce2fc122.mp3
383,47,47,LEVEL_1,1,chloe,Next week is Marco's birthday. Do you want a party?,https://d19azau1un4t7r.cloudfront.net/content/scenario-question-audio/383/9dc936474177cf7cf488d330e15d88d321595bb75437de435b3dcaa38367eb11.mp3
384,47,47,LEVEL_1,2,chloe,We need a cake and balloons. Which one do you want?,https://d19azau1un4t7r.cloudfront.net/content/scenario-question-audio/384/345ff80113f7e8e0ff6da3c3bac049ba2033add13f5d49a50df0c6f2d94c6a10.mp3
385,47,47,LEVEL_1,3,chloe,Marco can't know! How do we bring him to the room?,https://d19azau1un4t7r.cloudfront.net/content/scenario-question-audio/385/a4c5d9589ac8ce7117cc2508cb92ad67dad8d96d8c42b6e2e5f5a1f394dcfc86.mp3
386,47,47,LEVEL_2_TO_3,1,chloe,Marco's birthday is next week. I want to plan a surprise party for him. What do you think?,https://d19azau1un4t7r.cloudfront.net/content/scenario-question-audio/386/8592a97b007c65fba5f9ec01625a55f83febba707f69a69b5a64086cdfe5c3bd.mp3
387,47,47,LEVEL_2_TO_3,2,chloe,"We need a cake, some decorations, and someone to invite his friends. Which part can you take?",https://d19azau1un4t7r.cloudfront.net/content/scenario-question-audio/387/0fc201059ca6b6d7f33e5c807d5e2fafb65f0fa1a24432047df2cd5ae935595c.mp3
388,47,47,LEVEL_2_TO_3,3,chloe,How can we get Marco to the room without making him suspicious? Do you have any ideas?,https://d19azau1un4t7r.cloudfront.net/content/scenario-question-audio/388/2814bc780698d77851750af27a23620ee777ad2abbe44c79eff65d322ecb52ed.mp3
389,47,47,LEVEL_4_TO_5,1,chloe,It's Marco's birthday next week — let's throw him a surprise party! What do you think?,https://d19azau1un4t7r.cloudfront.net/content/scenario-question-audio/389/39eb5fb23c8c805048fa908563296ed082df5935bc24c974a95edd1815b6e443.mp3
390,47,47,LEVEL_4_TO_5,2,chloe,"So we need a cake, decorations, and someone to invite his friends. Which one do you want to take?",https://d19azau1un4t7r.cloudfront.net/content/scenario-question-audio/390/9eee13462757900055089dbf3d154dd581c6a5a1d902232502902b9acafbea10.mp3
391,47,47,LEVEL_4_TO_5,3,chloe,"Okay, last thing — how do we get Marco to the room without him noticing anything?",https://d19azau1un4t7r.cloudfront.net/content/scenario-question-audio/391/8508bb8bd20c28bc777ec612e3414a518ad8114861deba88673e0892cec9fd0c.mp3
392,50,50,LEVEL_1,1,chloe,I did very badly on my test. I feel so sad.,https://d19azau1un4t7r.cloudfront.net/content/scenario-question-audio/392/6e5fce578dc7b3a7ef1bfcb2d092c431791ddaf43a96350e858265a28550e166.mp3
393,50,50,LEVEL_1,2,chloe,"Did you ever do badly, too? Tell me more.",https://d19azau1un4t7r.cloudfront.net/content/scenario-question-audio/393/13d821a57258670a9e07af14c0a683005e8e72b24db7d480efe98cdc9176f99d.mp3
394,50,50,LEVEL_1,3,chloe,I want to feel happy again. What can we do today?,https://d19azau1un4t7r.cloudfront.net/content/scenario-question-audio/394/4afe8c8607dbdee40bc983140c80848aee21a5b5ee2849b33de4fb1da68eb844.mp3
395,50,50,LEVEL_2_TO_3,1,chloe,I did terribly on my midterm. Almost nothing I studied was on the test.,https://d19azau1un4t7r.cloudfront.net/content/scenario-question-audio/395/d0e6095c963ff385c4d336b6dbc25204d329b5231fa7b964f89ba1a89f176dfd.mp3
396,50,50,LEVEL_2_TO_3,2,chloe,Have you ever done badly on an important test? How did you deal with it?,https://d19azau1un4t7r.cloudfront.net/content/scenario-question-audio/396/156e8f76a454bd8350a03f1fa8bac8b3ea4d3586d7de7d545494da2e4c0953f2.mp3
397,50,50,LEVEL_2_TO_3,3,chloe,I want to forget about it for a while. What should we do together this afternoon?,https://d19azau1un4t7r.cloudfront.net/content/scenario-question-audio/397/7f84427a6c4db6e68540ec812f3898ad7b5574922be49df2a0450eb3e59f8aa3.mp3
398,50,50,LEVEL_4_TO_5,1,chloe,I totally bombed my midterm… none of the stuff I studied was on it.,https://d19azau1un4t7r.cloudfront.net/content/scenario-question-audio/398/7761de0c026ac6e8b89ccd922ccd6afec235e18db467cc9c6f43b34b99747f08.mp3
399,50,50,LEVEL_4_TO_5,2,chloe,Have you ever bombed a test? What did you do to get over it?,https://d19azau1un4t7r.cloudfront.net/content/scenario-question-audio/399/66088380c0bb07b7eef5081ff70c0bbd097c6f084f4b02be6b3da3a8b7bdbc9f.mp3
400,50,50,LEVEL_4_TO_5,3,chloe,"Oh man, I need to clear my head. What should we do to cheer me up?",https://d19azau1un4t7r.cloudfront.net/content/scenario-question-audio/400/0080877a290ea8c2267fdd6cd6b5b9d9fb9e35537b4d843fb29ac885391234da.mp3
401,54,54,LEVEL_1,1,chloe,Let's travel this vacation! Where do you want to go?,https://d19azau1un4t7r.cloudfront.net/content/scenario-question-audio/401/b111757611fd7fd668f195d0cbdc8bef6c7d0ded45d797cbe49550e15ad3e74f.mp3
402,54,54,LEVEL_1,2,chloe,I want to save money. How much can we use?,https://d19azau1un4t7r.cloudfront.net/content/scenario-question-audio/402/d5371d8bfa91ef05714a22b3cab31c234da1930e7aabf80e2a8a38165c4ada66.mp3
403,54,54,LEVEL_1,3,chloe,We need a room too. How many days should we go?,https://d19azau1un4t7r.cloudfront.net/content/scenario-question-audio/403/fc70d600d10d9a6da34c218d8cf26abbb94f8a367749c9eabde18408295a2f9e.mp3
404,54,54,LEVEL_2_TO_3,1,chloe,"Let's travel together this vacation! Where would you like to go, and why there?",https://d19azau1un4t7r.cloudfront.net/content/scenario-question-audio/404/4a14d316f9d43765588ad3297da810abf5bb82ffa100a4848121187f3fad4b58.mp3
405,54,54,LEVEL_2_TO_3,2,chloe,How much money should we plan for? I'm trying not to use too much this time.,https://d19azau1un4t7r.cloudfront.net/content/scenario-question-audio/405/da939fe28a0e0b5806f3e091152f81a1c1fa54391e432d7173fbf7c87309ac2b.mp3
406,54,54,LEVEL_2_TO_3,3,chloe,How many days should we stay? And would a hostel be okay for you?,https://d19azau1un4t7r.cloudfront.net/content/scenario-question-audio/406/c34e1db27eb7c2dba5795b4e2423c58b89ca28fc889de6ea1c841ca9e81bfec8.mp3
407,54,54,LEVEL_4_TO_5,1,chloe,Let's go on a trip together this break! Where do you wanna go?,https://d19azau1un4t7r.cloudfront.net/content/scenario-question-audio/407/6369f6f2756d5f6c97cc958da972d1a877c4b705d1e183cbd1d356972c45ea62.mp3
408,54,54,LEVEL_4_TO_5,2,chloe,How much are you thinking for the budget? I kind of need to save this time.,https://d19azau1un4t7r.cloudfront.net/content/scenario-question-audio/408/790d20598c5df9a904c812a294442a0224790f09a87a8f8a19b1c392b7357551.mp3
409,54,54,LEVEL_4_TO_5,3,chloe,How many days should we go for? And is a hostel okay with you?,https://d19azau1un4t7r.cloudfront.net/content/scenario-question-audio/409/4078eddee463a489102fdd04a38e54f099788c2449b8804b7553ff13f8176af3.mp3
410,64,64,LEVEL_1,1,chloe,Coachella tickets are on sale! Do you want to go with me?,https://d19azau1un4t7r.cloudfront.net/content/scenario-question-audio/410/b691135ec460a95c06bc6bfd5dd38545a680e5b4ee0ce8e15a73bbeefa6d6e07.mp3
411,64,64,LEVEL_1,2,chloe,Tickets are 400 dollars. Is the weekend in two weeks okay?,https://d19azau1un4t7r.cloudfront.net/content/scenario-question-audio/411/79e20c261c18d50335f42bc716768ce70fec752574673188e692d48b9492711e.mp3
412,64,64,LEVEL_1,3,chloe,Do you want to camp or stay in a hotel?,https://d19azau1un4t7r.cloudfront.net/content/scenario-question-audio/412/2208d723286241a0d465005759061e7fccfadb2b3d643346f5d6d9af2dad942b.mp3
413,64,64,LEVEL_2_TO_3,1,chloe,Coachella tickets just went on sale! Do you want to go together?,https://d19azau1un4t7r.cloudfront.net/content/scenario-question-audio/413/b345922a18896d34a627bd30009dbfd523db7d9317979b91ab9dc1b5cd6b5bf4.mp3
414,64,64,LEVEL_2_TO_3,2,chloe,"Which weekend works better for you, One or Two? And how should we pay for them?",https://d19azau1un4t7r.cloudfront.net/content/scenario-question-audio/414/479eceb955c303def41f26c5b80ba105924f2a9c201a912939703aa8b8a6a04d.mp3
415,64,64,LEVEL_2_TO_3,3,chloe,"For a place to stay, would you rather camp or find a hotel nearby?",https://d19azau1un4t7r.cloudfront.net/content/scenario-question-audio/415/bdb5eb8fa9958a0bd1d22fa0cd4932091651c11e7aa4deb2bd7c57c056a13994.mp3
416,64,64,LEVEL_4_TO_5,1,chloe,Coachella tickets just went on sale!! We have to go together!,https://d19azau1un4t7r.cloudfront.net/content/scenario-question-audio/416/55904cfcd77f677fc06af726210a98c80e2ec6758b782607f702f37cf11a6909.mp3
417,64,64,LEVEL_4_TO_5,2,chloe,"Which weekend works for you, One or Two? Let's split the tickets when we book.",https://d19azau1un4t7r.cloudfront.net/content/scenario-question-audio/417/6df495828210b9d8f4c957f6240cb680cf3bab3c80e5d2569b2010f9dcca9e7a.mp3
418,64,64,LEVEL_4_TO_5,3,chloe,"For the stay — camping or a hotel nearby? Oh, or we could just take the early morning bus.",https://d19azau1un4t7r.cloudfront.net/content/scenario-question-audio/418/7dda176e6083d99244ee33d0ca03daf5cb3e69586167d55fd1003cac41d7e5c3.mp3
419,58,58,LEVEL_1,1,chloe,"Wait, did I borrow a book from you?",https://d19azau1un4t7r.cloudfront.net/content/scenario-question-audio/419/a421f3e7a5cbd7ccc71e4bd2e9d8e68a47dfd09c89dc642535f96b2709a69951.mp3
420,58,58,LEVEL_1,2,chloe,"Oh no, I forgot! Can you wait a few days?",https://d19azau1un4t7r.cloudfront.net/content/scenario-question-audio/420/fe8d70d6e5a15f27292a943efc4131f0bf3300eecc05d3b17fcfb5ff0b9a3dea.mp3
421,58,58,LEVEL_1,3,chloe,I can bring it tomorrow. When do you need it?,https://d19azau1un4t7r.cloudfront.net/content/scenario-question-audio/421/2cff5c890dfb7ce8e43a04ef6561263dfcdc9404d241cf37bafb2d70af0ad47c.mp3
422,58,58,LEVEL_2_TO_3,1,chloe,"Wait, did I borrow something from you? Which book was it?",https://d19azau1un4t7r.cloudfront.net/content/scenario-question-audio/422/3d35bd77d7d1bc05f72a2adcd028d88e604742582ac189e596e4fa357f23e52c.mp3
423,58,58,LEVEL_2_TO_3,2,chloe,"I'm really sorry, I completely forgot! But it's not in my room right now. Can it wait a few days?",https://d19azau1un4t7r.cloudfront.net/content/scenario-question-audio/423/2fd7cf35f97908a30effeba5988ffd07e99b40125d04250216b92d6ba415dbba.mp3
424,58,58,LEVEL_2_TO_3,3,chloe,When do you need it by? I'll buy you a coffee and bring the book after class tomorrow. Is that okay?,https://d19azau1un4t7r.cloudfront.net/content/scenario-question-audio/424/4fd1a946ea17a66789a096aa4c8736f51892aa5be67d89af744e7829332f3df0.mp3
425,58,58,LEVEL_4_TO_5,1,chloe,"Wait, did I borrow something from you? Which book was it?",https://d19azau1un4t7r.cloudfront.net/content/scenario-question-audio/425/3d35bd77d7d1bc05f72a2adcd028d88e604742582ac189e596e4fa357f23e52c.mp3
426,58,58,LEVEL_4_TO_5,2,chloe,"Oh no, I'm so sorry — I completely forgot! But I don't think it's in my room right now…",https://d19azau1un4t7r.cloudfront.net/content/scenario-question-audio/426/be9171785917a78e973b8e8a4f21115bc33b64772c57bd9d5f4e4da0d6f500ac.mp3
427,58,58,LEVEL_4_TO_5,3,chloe,"When do you need it by? Tell you what — I'll buy you a coffee, and I'll bring the book after class tomorrow. Would that work?",https://d19azau1un4t7r.cloudfront.net/content/scenario-question-audio/427/a514154db1793687d7f074c084cd2ed5cf993be7d911bf1fff9226c4f905e823.mp3
428,65,65,LEVEL_1,1,teddy,"Hi, can you tell me about yourself?",https://d19azau1un4t7r.cloudfront.net/content/scenario-question-audio/428/b93bb049e217ce38fcf1c348e1ade6b3c00744162c782d8bb65422dec1727ed9.mp3
429,65,65,LEVEL_1,2,teddy,Did you work at a cafe before?,https://d19azau1un4t7r.cloudfront.net/content/scenario-question-audio/429/88d3c9c04714d2c69499b1a4cd7c193d2ac65b08b12fc825cc3119af7c90c7d7.mp3
430,65,65,LEVEL_1,3,teddy,How many days can you work? Tell me your start day.,https://d19azau1un4t7r.cloudfront.net/content/scenario-question-audio/430/7897b2a76cc3cf21c5feda931a37434fcfd7dff470e6bacb0673e23416517526.mp3
431,65,65,LEVEL_2_TO_3,1,teddy,"Hi, you must be here for the interview. Could you tell me a little about yourself?",https://d19azau1un4t7r.cloudfront.net/content/scenario-question-audio/431/6d77a0c2b7438d54f8ecffa9f01d9f50022c043a0d92de105117fb0e2b1e65c3.mp3
432,65,65,LEVEL_2_TO_3,2,teddy,Have you worked in a cafe or in customer service? What would you do when the shop gets really busy?,https://d19azau1un4t7r.cloudfront.net/content/scenario-question-audio/432/b05141d7fc6ad3b20dec4626ce49ed521f0526d8ec76e910333a444de8173a10.mp3
433,65,65,LEVEL_2_TO_3,3,teddy,"How many hours a week can you work? The pay starts at twelve dollars an hour, and when could you start?",https://d19azau1un4t7r.cloudfront.net/content/scenario-question-audio/433/080d11064f3e5ac957972057d02f2c411d91c47da761ffb861f43012b9fe0e5f.mp3
434,65,65,LEVEL_4_TO_5,1,teddy,"Hi, you must be here for the interview. Could you introduce yourself briefly?",https://d19azau1un4t7r.cloudfront.net/content/scenario-question-audio/434/12b261e2ddd590f601b089f50670588ab3f49d57820b1dcb1c566ccad1e15069.mp3
435,65,65,LEVEL_4_TO_5,2,teddy,"Have you worked in a cafe or in customer service before? And when it gets really busy during rush hour, how would you deal with it?",https://d19azau1un4t7r.cloudfront.net/content/scenario-question-audio/435/a0ff8b0b019509cb540ca37e0d3cc57e25aa568c4dd5f69239ba4a53a9646919.mp3
436,65,65,LEVEL_4_TO_5,3,teddy,How many hours a week can you do? The pay starts at twelve dollars an hour — when could you start?,https://d19azau1un4t7r.cloudfront.net/content/scenario-question-audio/436/b19eccefa3069222a65959c4c252146786e866dd124024acc1a066168a83e063.mp3
437,55,55,LEVEL_1,1,teddy,"Hello, this is the clinic. What is the problem?",https://d19azau1un4t7r.cloudfront.net/content/scenario-question-audio/437/3ead5aef621a7d89864b3d2b02cc5f9cc4132c42a3128b3751b835348b6c3936.mp3
438,55,55,LEVEL_1,2,teddy,"How many days, and do you have a fever?",https://d19azau1un4t7r.cloudfront.net/content/scenario-question-audio/438/5d564f623307b7f8f06afa6cf841a90ef8e8b2141dad2f5c1d101c425b18d639.mp3
439,55,55,LEVEL_1,3,teddy,We have today or tomorrow. What time is good?,https://d19azau1un4t7r.cloudfront.net/content/scenario-question-audio/439/345d3fb58badd9cd2dcaa9f27d47fbe7fa1a6ef40fac60087d84c16f98e63091.mp3
440,55,55,LEVEL_2_TO_3,1,teddy,Thank you for calling the clinic. What kind of symptoms are you having?,https://d19azau1un4t7r.cloudfront.net/content/scenario-question-audio/440/76b69a1be21ffbffa9a92c901b8741a0b781541e7862f3d2fea117fb0e03d39c.mp3
441,55,55,LEVEL_2_TO_3,2,teddy,"When did it start, and has it changed at all since then?",https://d19azau1un4t7r.cloudfront.net/content/scenario-question-audio/441/55733fd97cec7b327de7183ac33d5b6b969185d774a8467c92ca5eacbb67ba4c.mp3
442,55,55,LEVEL_2_TO_3,3,teddy,I have an opening today at four or tomorrow at ten — which one works better for you? And do you have insurance?,https://d19azau1un4t7r.cloudfront.net/content/scenario-question-audio/442/7f2ec1be76fdb44a41badc6d1d3e06a80bc378498e9713f980c62ddc9cbd5b54.mp3
443,55,55,LEVEL_4_TO_5,1,teddy,Thanks for calling the clinic. What symptoms are you having?,https://d19azau1un4t7r.cloudfront.net/content/scenario-question-audio/443/5323fc3d9fb87d96f94043d16f78172311f2a2254b23a1da54998f23721c92b7.mp3
444,55,55,LEVEL_4_TO_5,2,teddy,When did it start? Any fever along with the cough?,https://d19azau1un4t7r.cloudfront.net/content/scenario-question-audio/444/e498e5d78cc40eff0e5bba8e7ef534ad536f3f205208ae6822c41b949f165099.mp3
445,55,55,LEVEL_4_TO_5,3,teddy,"We have an opening today at four or tomorrow at ten — which works for you? And do you have insurance? Without it, the visit is sixty dollars.",https://d19azau1un4t7r.cloudfront.net/content/scenario-question-audio/445/ebde8eca3d2f3a8c33a79e160e481a19bb0969365556d54502f59f18c0a2b20c.mp3
446,67,67,LEVEL_1,1,teddy,Welcome! Do you study or work here?,https://d19azau1un4t7r.cloudfront.net/content/scenario-question-audio/446/f8bf64b2ccbc875cb075736d3c5d7aa0a5c9b9082a695971d3c0aa5851317ef4.mp3
447,67,67,LEVEL_1,2,teddy,What is this account for?,https://d19azau1un4t7r.cloudfront.net/content/scenario-question-audio/447/f8a8387eb6bc01ecb378e00851f8d740e4b8d7d19c88159f18056144e9365cca.mp3
448,67,67,LEVEL_1,3,teddy,I need your passport. When do you need your card?,https://d19azau1un4t7r.cloudfront.net/content/scenario-question-audio/448/e581fd5e8c528c60602412acc833b7d4a323872d9160f0c509b21e5cc8f0f312.mp3
449,67,67,LEVEL_2_TO_3,1,teddy,"Welcome! Are you here for work or for study, and how long are you planning to stay?",https://d19azau1un4t7r.cloudfront.net/content/scenario-question-audio/449/83fc140feaa0f4b18aada8fb3fe7f2cf9d51e989ca8a6f2b8b6396879aafa701.mp3
450,67,67,LEVEL_2_TO_3,2,teddy,What will you mainly use the account for? I'll recommend the one that fits you best.,https://d19azau1un4t7r.cloudfront.net/content/scenario-question-audio/450/23ff3fe5ef449d4a154451089e6a186309f70780db892e52c1a8a6784a75deb0.mp3
451,67,67,LEVEL_2_TO_3,3,teddy,I'll need your passport and proof of address — do you have those with you? And when do you need your card by?,https://d19azau1un4t7r.cloudfront.net/content/scenario-question-audio/451/87c4f102047e7499f40ae21d67180e63b7225eadb0a126c4c165c53b9e564496.mp3
452,67,67,LEVEL_4_TO_5,1,teddy,"Welcome! Opening an account, I see. May I ask what brings you here — the purpose and length of your stay?",https://d19azau1un4t7r.cloudfront.net/content/scenario-question-audio/452/111c862228e912dd8f8687ffe9eb92b3f0daabcf2ef36d57bd62082dbafad2a3.mp3
453,67,67,LEVEL_4_TO_5,2,teddy,What will you mainly be using the account for? I'll recommend the one that fits you best.,https://d19azau1un4t7r.cloudfront.net/content/scenario-question-audio/453/fd35bbf6e41460453b3e0a80e5f126d87a790435bfa769afb1ba0bf21b9c58fb.mp3
454,67,67,LEVEL_4_TO_5,3,teddy,"I'll need your passport, student ID, and proof of address — do you have them with you? Also, when do you need your debit card by? I'll find the best way to get it to you.",https://d19azau1un4t7r.cloudfront.net/content/scenario-question-audio/454/6fe6daf791f5d615764b257d744a552ad3b4d72ccebe1dae7a428c4328ba79fc.mp3
455,42,42,LEVEL_1,1,marco,"Okay, I can carry it. What time will it come?",https://d19azau1un4t7r.cloudfront.net/content/scenario-question-audio/455/937c9e669ce381d2498db19ea541a4f2da791ca4b654ef2bff73845439bc63f0.mp3
456,42,42,LEVEL_1,2,marco,Can I take it and sign your name?,https://d19azau1un4t7r.cloudfront.net/content/scenario-question-audio/456/8b0b1c9a8f7401de4db9f40ad07e98fd2e8297f7d329d7aa5d5b0a3a424f7526.mp3
457,42,42,LEVEL_1,3,marco,I go out at six. It may come after that. Should I ask our neighbor?,https://d19azau1un4t7r.cloudfront.net/content/scenario-question-audio/457/1f5c27aa2e9bb1511cbbcfd62e160eac374b65385417b1ed2874f82b38f6bf3c.mp3
458,42,42,LEVEL_2_TO_3,1,marco,"Sure, I can get it for you. What time is it coming, and is there anything I should know?",https://d19azau1un4t7r.cloudfront.net/content/scenario-question-audio/458/ba3d5fea9371437f60bad5384428e5d311b0d56449ecdc6bdf252e3d6c209c01.mp3
459,42,42,LEVEL_2_TO_3,2,marco,"Do you need to be there yourself, or can I just take it and sign your name?",https://d19azau1un4t7r.cloudfront.net/content/scenario-question-audio/459/db378d6b0f0f0203ce09678dd956b00d69a0fe3f9034a2d00330f1508fbd6a68.mp3
460,42,42,LEVEL_2_TO_3,3,marco,One problem — I have to go out at six. What should we do if it still hasn't come?,https://d19azau1un4t7r.cloudfront.net/content/scenario-question-audio/460/2336c01c03739f47cc7628e1d931a55cd1f344c78d4d4bebc2b6651d747ac55c.mp3
461,42,42,LEVEL_4_TO_5,1,marco,"Sure, I can grab it for you. What time is it supposed to arrive, and is there anything I should know — like if it's heavy or fragile?",https://d19azau1un4t7r.cloudfront.net/content/scenario-question-audio/461/55fb8def7d0a2a5a8986a5ee74788037fa0b0d9da11db9ff78d80aee39b5993b.mp3
462,42,42,LEVEL_4_TO_5,2,marco,"Does the courier need you there in person, or can I just take it and put your name down?",https://d19azau1un4t7r.cloudfront.net/content/scenario-question-audio/462/4ed288e6ca7f18b52daedfde97e12ad171ea0e97bad4944da96db4cb0fe108c1.mp3
463,42,42,LEVEL_4_TO_5,3,marco,One thing though — I have plans at six and need to head out. What should we do if it hasn't arrived by then?,https://d19azau1un4t7r.cloudfront.net/content/scenario-question-audio/463/c740142154fd2b480b98c8e45574dde46d09b57c874f8fe4a4186a3731346e60.mp3
464,62,62,LEVEL_1,1,marco,Let's stay calm. Where did you have your phone last?,https://d19azau1un4t7r.cloudfront.net/content/scenario-question-audio/464/f4fec1ceb3f87a20013d6e6ee5642426ad4b254639277dd53752169eb1771874.mp3
465,62,62,LEVEL_1,2,marco,Maybe we can't find it today. What should we do first?,https://d19azau1un4t7r.cloudfront.net/content/scenario-question-audio/465/8d9df0e43f92e7069cff16094e93f9190fe3626cc5d37773fb7fc5202d405bef.mp3
466,62,62,LEVEL_1,3,marco,Your phone has important things. How can we keep them safe?,https://d19azau1un4t7r.cloudfront.net/content/scenario-question-audio/466/83f33e238b0f28d387f6bb6266dd46cf648f750c58a1851f33a35c5dbe71b841.mp3
467,62,62,LEVEL_2_TO_3,1,marco,Let's stay calm and think about where we went. I'm calling your phone now — when did you use it last?,https://d19azau1un4t7r.cloudfront.net/content/scenario-question-audio/467/f8485bd71c53c02fcd106d6110245114b2c243fd04831e2ee7eb67a5c9f02d1a.mp3
468,62,62,LEVEL_2_TO_3,2,marco,What if we can't find it today? What do you think we should take care of first?,https://d19azau1un4t7r.cloudfront.net/content/scenario-question-audio/468/e1b8a95f16c313e2fd2e9103186ac7e4ef31c0af565076bf65648b5b083f452e.mp3
469,62,62,LEVEL_2_TO_3,3,marco,Is there anything important on your phone? How can we protect your accounts?,https://d19azau1un4t7r.cloudfront.net/content/scenario-question-audio/469/68a20265efdeea97941ccd383b47dda57cb27c953f3b79ff3bd410913761add2.mp3
470,62,62,LEVEL_4_TO_5,1,marco,"Okay, let's stay calm and retrace our steps. I'll call your phone right now — and is it connected to any other device we could use to track it?",https://d19azau1un4t7r.cloudfront.net/content/scenario-question-audio/470/199c1ae5ca283807642e6c181e575fc76398f7c41567b036eaf907085bd70e0a.mp3
471,62,62,LEVEL_4_TO_5,2,marco,What if we can't find it today? We should get ahead of the worst case — what do you think we need to do first?,https://d19azau1un4t7r.cloudfront.net/content/scenario-question-audio/471/e90fc5b12b74c40547ada62865218e89d3a73c5c9ab6df7ce69e817dbac69189.mp3
472,62,62,LEVEL_4_TO_5,3,marco,"I told the cafe to call me if it turns up. By the way, is there anything important on your phone? How can we protect your accounts and data?",https://d19azau1un4t7r.cloudfront.net/content/scenario-question-audio/472/69a4083951b46a413bc4463f306afc8e8094aa9419e16c2f4ee9fed3387bff6d.mp3
473,52,52,LEVEL_1,1,marco,"Oh no, the printer is not working! What should we do?",https://d19azau1un4t7r.cloudfront.net/content/scenario-question-audio/473/af85b293524282d77498b487a838ec257029e9a65d79e68733b5259fe1c71420.mp3
474,52,52,LEVEL_1,2,marco,Let's use another computer. Can you use a USB or email it?,https://d19azau1un4t7r.cloudfront.net/content/scenario-question-audio/474/2c409d0b5b2378afecf417976953dd27e2eae0800bbcde2f5835116404d8021d.mp3
475,52,52,LEVEL_1,3,marco,It will print in ten minutes. Can you come with me to tell the office?,https://d19azau1un4t7r.cloudfront.net/content/scenario-question-audio/475/6ca2ff2dc5be6c266ec7721cf9919a17693a6b4dff19662226fdb4eb76e48e52.mp3
476,52,52,LEVEL_2_TO_3,1,marco,"The printer keeps showing a paper error, and our deadline is really close. What should we try first?",https://d19azau1un4t7r.cloudfront.net/content/scenario-question-audio/476/f37930d90d78a0d2e7b5fdbfc77eadf089e77fcdd628a20591842e656d211670.mp3
477,52,52,LEVEL_2_TO_3,2,marco,Moving your file to another computer might be faster. What's the easiest way for me to get it?,https://d19azau1un4t7r.cloudfront.net/content/scenario-question-audio/477/fa79b15c7cf0431c3f2a8a69e753b0692afd198bc206b7bd13faaa95b285ede9.mp3
478,52,52,LEVEL_2_TO_3,3,marco,The printout will be ready in about ten minutes. Should we go tell the office it's broken?,https://d19azau1un4t7r.cloudfront.net/content/scenario-question-audio/478/48847f86f491c1dad74e7b847a493588092cc3bb950a007413f0d5c33cc5b05f.mp3
479,52,52,LEVEL_4_TO_5,1,marco,Oh no — the printer's showing a paper error and the deadline's coming up fast. What should we try first?,https://d19azau1un4t7r.cloudfront.net/content/scenario-question-audio/479/966f0ed9a7d4e91cd8a5ea4d3e4737d1ffc0701124863d671fb6fbfcd713cbf2.mp3
480,52,52,LEVEL_4_TO_5,2,marco,"Let's use the lab computer next door. Can you get me the file — USB, or email it over?",https://d19azau1un4t7r.cloudfront.net/content/scenario-question-audio/480/8c76005a528d78d36752e1266e78997d01c2d1daff2449367884b5f09f11f5b5.mp3
481,52,52,LEVEL_4_TO_5,3,marco,It'll print in about ten minutes. Want to come with me to report the printer at the office after?,https://d19azau1un4t7r.cloudfront.net/content/scenario-question-audio/481/7c431d476f65da7b4dab07e030167577aeebde3cd0869f692cc730f5fca8cf5c.mp3
482,46,46,LEVEL_1,1,teddy,"Sorry, the lockers are full. How big is your bag?",https://d19azau1un4t7r.cloudfront.net/content/scenario-question-audio/482/1a6cf8b00ff117af3333aa28aed40f8022dcb82401211e25b5b10378fa3269db.mp3
483,46,46,LEVEL_1,2,teddy,Do you want the near shop or the cheaper shop?,https://d19azau1un4t7r.cloudfront.net/content/scenario-question-audio/483/70867fae3abe00430712b0495db915c32a9b8b47b4ef6da4420eda3ce22fc87d.mp3
484,46,46,LEVEL_1,3,teddy,You need this ticket for your bag. Any questions?,https://d19azau1un4t7r.cloudfront.net/content/scenario-question-audio/484/0d4ee1d701fec9cf875bc7670daf233dff3d0f63bdee0e53c5a73bd2c01ddac7.mp3
485,46,46,LEVEL_2_TO_3,1,teddy,"I'm afraid all the lockers are full right now. What time will you need your bag, and what size is it?",https://d19azau1un4t7r.cloudfront.net/content/scenario-question-audio/485/2faa7f2091037445b164afb0f90a170e18347a1dd16d594de8e073b515158067.mp3
486,46,46,LEVEL_2_TO_3,2,teddy,"There's a storage shop right outside the station for £8, and a cheaper one a short walk away for £4. Which fits your plans better?",https://d19azau1un4t7r.cloudfront.net/content/scenario-question-audio/486/1899ee6c204ed3350e912b0c654b69d8d5bad806a2ad8d5f94287b8e90d144c9.mp3
487,46,46,LEVEL_2_TO_3,3,teddy,You'll need this ticket to get your bag back. Is there anything else you'd like to know?,https://d19azau1un4t7r.cloudfront.net/content/scenario-question-audio/487/b347b1cfa40a46f2308b76bcb9ce536cf8266bf62582d976a662c37433ccf9ce.mp3
488,46,46,LEVEL_4_TO_5,1,teddy,"Right, the lockers are all full at the moment. Let me find you an alternative. First — what time will you be back for your bag, and how big is it?",https://d19azau1un4t7r.cloudfront.net/content/scenario-question-audio/488/68b8f3007137ffc22b253c926fd3662c0975a02235cabbba2ed6213db7944d02.mp3
489,46,46,LEVEL_4_TO_5,2,teddy,"There's a storage shop right nearby that's a bit pricey, and a cheaper one about ten minutes away. Which works better with your plans?",https://d19azau1un4t7r.cloudfront.net/content/scenario-question-audio/489/733323ed1d53cce67639b4e5e3a2a6944b30f2b7e83e52e58ae4d9ace3c4ccc4.mp3
490,46,46,LEVEL_4_TO_5,3,teddy,You'll need this claim ticket when you pick it up. Anything else you'd like to know about storing or collecting your bag?,https://d19azau1un4t7r.cloudfront.net/content/scenario-question-audio/490/970f606b28a99500d260fa0d2c33450a6048cbbdf1d8fa4fd4e92e8e8fcd5df9.mp3
491,56,56,LEVEL_1,1,marco,"Wait, this is not our food. What should we do?",https://d19azau1un4t7r.cloudfront.net/content/scenario-question-audio/491/46cec1ee68723156927120074580d9fab112823766ac199f17d8ed86821570b5.mp3
492,56,56,LEVEL_1,2,marco,They can bring our food in one hour. Is that okay?,https://d19azau1un4t7r.cloudfront.net/content/scenario-question-audio/492/d98cac2af9190744fc459801bda93e7a7499fbf9278e6988ca4f6414de066db5.mp3
493,56,56,LEVEL_1,3,marco,We will wait one hour. What can we do now?,https://d19azau1un4t7r.cloudfront.net/content/scenario-question-audio/493/a4f3d2b1b10680b869d8850f962eda129fc259368fde3b661727d8622cbe645d.mp3
494,56,56,LEVEL_2_TO_3,1,marco,"Wait, this isn't what we ordered. What should we do about it?",https://d19azau1un4t7r.cloudfront.net/content/scenario-question-audio/494/8fe224eccdf492da835f2851c3886e88d3c5439157bb22afc343f752cb220657.mp3
495,56,56,LEVEL_2_TO_3,2,marco,"They can deliver the right food in an hour, or refund us right away. Which one should we pick?",https://d19azau1un4t7r.cloudfront.net/content/scenario-question-audio/495/a37d6b020a53b306ce45f7c2e334c1bf979d662b0125127e8da16e2226b1f28f.mp3
496,56,56,LEVEL_2_TO_3,3,marco,"Either way, we'll be waiting a while. What should we do while we wait?",https://d19azau1un4t7r.cloudfront.net/content/scenario-question-audio/496/2fe7837b5406b0086571ceb82fc0c7fbb9cf5c5d86d412910a1af7daf7c0982c.mp3
497,56,56,LEVEL_4_TO_5,1,marco,"Wait, this isn't what we ordered. What should we do?",https://d19azau1un4t7r.cloudfront.net/content/scenario-question-audio/497/df7c3e94b4736e4cad784977b1a9d323181f998b919db9d0cc0efd950f3ffa22.mp3
498,56,56,LEVEL_4_TO_5,2,marco,"Support says they can redeliver within an hour, or give us a full refund right away. I'm starving, but the refund is instant… which should we go with?",https://d19azau1un4t7r.cloudfront.net/content/scenario-question-audio/498/46e99cad55f2cda27cbc82aae28ea0d42bb6d84b1df23b93702b9687205ee41f.mp3
499,56,56,LEVEL_4_TO_5,3,marco,Either way it'll take a while. What should we do about dinner in the meantime?,https://d19azau1un4t7r.cloudfront.net/content/scenario-question-audio/499/81ecf4bc4a0d0fdc8dfc136967b3d6e509fc38b3bfd408f28138fd581d3629ca.mp3
500,70,70,LEVEL_1,1,teddy,Please spell your passport name. Where are you going?,https://d19azau1un4t7r.cloudfront.net/content/scenario-question-audio/500/79a0c8be418175dbc7336bc69becaf9661db2be95aa96aff60ba8f561f7f63bb.mp3
501,70,70,LEVEL_1,2,teddy,"Sorry, the name on your ticket is wrong. You need a new ticket. Is a more expensive seat okay?",https://d19azau1un4t7r.cloudfront.net/content/scenario-question-audio/501/6b5a4572b5350434b07a0766cf29793e57b7a866af7abdea3a989c1291c4734c.mp3
502,70,70,LEVEL_1,3,teddy,There is a seat for half price. But you must wait seven more hours. Which one do you want?,https://d19azau1un4t7r.cloudfront.net/content/scenario-question-audio/502/e3431117839cc564e0eb16b184cb817a9ef256778cd120ba69b6b74874538601.mp3
503,70,70,LEVEL_2_TO_3,1,teddy,"Let me find your booking. Where are you flying to, and how is your name written on your passport?",https://d19azau1un4t7r.cloudfront.net/content/scenario-question-audio/503/3a037cd89209900992388cc05f705bae59d9ecb8bf63e5dd97c5a67aecaedc01.mp3
504,70,70,LEVEL_2_TO_3,2,teddy,"I'm sorry — our rules don't allow a name change, so you'll need to buy the ticket again. Only business class is left. Is that all right?",https://d19azau1un4t7r.cloudfront.net/content/scenario-question-audio/504/6d80762cf3d81b1eb54352fa6adacbf9345e1f3628f8d49187a16dd9e8d6a978.mp3
505,70,70,LEVEL_2_TO_3,3,teddy,Another airline flies to the same city thirty minutes later for a lower price. Which one would you like?,https://d19azau1un4t7r.cloudfront.net/content/scenario-question-audio/505/843d34763b4177d775d902107e38a41553689e5f24a045116b5b7aececbd09de.mp3
506,70,70,LEVEL_4_TO_5,1,teddy,Let me pull up your booking first. Could you tell me your destination and the exact name printed on your passport?,https://d19azau1un4t7r.cloudfront.net/content/scenario-question-audio/506/49c54cf04c61a6c04f4a7bf24b2ccb1bf15bab038890a3fb9431a5aa182d691c.mp3
507,70,70,LEVEL_4_TO_5,2,teddy,I'm afraid our fare rules don't allow a name correction on an issued ticket — you'd have to rebook. The only fare class still open on that route is business. Shall I go ahead?,https://d19azau1un4t7r.cloudfront.net/content/scenario-question-audio/507/11ce56c6f599a1538ed19d222a873b9170705dcfce392731f58f1fee1126ede8.mp3
508,70,70,LEVEL_4_TO_5,3,teddy,"Oh, one more thing — there's a seat on a later flight at about half the price, but it leaves seven hours after this one. Which one would you like to go with?",https://d19azau1un4t7r.cloudfront.net/content/scenario-question-audio/508/b996e773f1eaa4080ccceaafa6a7cc90b882b3f64b526dca73d905d02dec0210.mp3
509,48,48,LEVEL_1,1,marco,The weather will be nice this weekend. Where should we go?,https://d19azau1un4t7r.cloudfront.net/content/scenario-question-audio/509/bf398ca5f6ba0958dee5aecdecf9241844e0e30bdf01a773ddbd901b949bd917.mp3
510,48,48,LEVEL_1,2,marco,I have sandwiches and a blanket. What will you bring?,https://d19azau1un4t7r.cloudfront.net/content/scenario-question-audio/510/7059bbcb9db5cf5bd9e337b90f30b349395a85881e0fa886ef970ed024d946ba.mp3
511,48,48,LEVEL_1,3,marco,It may rain that day. What should we do then?,https://d19azau1un4t7r.cloudfront.net/content/scenario-question-audio/511/5854a17dea52b0dddce1f95420068519fa4cb133002df139d94e691b3df67f86.mp3
512,48,48,LEVEL_2_TO_3,1,marco,The weather should be great this weekend. Where do you think we should have our picnic?,https://d19azau1un4t7r.cloudfront.net/content/scenario-question-audio/512/2a3e84bc271d85e3cb24c7dbe776de20058bd289a666c00bef133c4c7d2b25e9.mp3
513,48,48,LEVEL_2_TO_3,2,marco,I'm bringing sandwiches and a blanket. What would you like to bring?,https://d19azau1un4t7r.cloudfront.net/content/scenario-question-audio/513/1ec532cf54bf6ff64afd1b3168cbea09f5a206f85866c5016817fdbaf95f3def.mp3
514,48,48,LEVEL_2_TO_3,3,marco,"They say it might rain that day, though. What should we do then?",https://d19azau1un4t7r.cloudfront.net/content/scenario-question-audio/514/06d2ac36c6efd69d0dd5622d3446bf0d574cda3d0194f5d979a2fa47062f737b.mp3
515,48,48,LEVEL_4_TO_5,1,marco,The weather looks perfect this weekend. Where should we go for our picnic? Do you know any good spots?,https://d19azau1un4t7r.cloudfront.net/content/scenario-question-audio/515/cc30a8545a862d1499f69fc3037036fac4bb5d91df2e4db9bde3924d359e92e0.mp3
516,48,48,LEVEL_4_TO_5,2,marco,I'll bring sandwiches and a blanket. What are you going to bring?,https://d19azau1un4t7r.cloudfront.net/content/scenario-question-audio/516/62eccadb7d3997fdc313802635248fb2f3f78ae37f88399966345dbdd7760c8a.mp3
517,48,48,LEVEL_4_TO_5,3,marco,And just in case it rains — what should we do instead?,https://d19azau1un4t7r.cloudfront.net/content/scenario-question-audio/517/e97721dfd91a37a9275c870a0ffd9700a4aebf7348ef378903ff86a19d451cb4.mp3
518,45,45,LEVEL_1,1,marco,Let's exercise together after class! What sport do you like?,https://d19azau1un4t7r.cloudfront.net/content/scenario-question-audio/518/bd09ea5e4e7d5794bb27b9fe965c22e5cff2120a3dae39b73e737efbd9374bd8.mp3
519,45,45,LEVEL_1,2,marco,Why do you want to exercise?,https://d19azau1un4t7r.cloudfront.net/content/scenario-question-audio/519/4f98c619c945efc8f7892428230cb2dfce9a4ac73a1fd16f09372f2385f2d6e4.mp3
520,45,45,LEVEL_1,3,marco,When and where can we meet?,https://d19azau1un4t7r.cloudfront.net/content/scenario-question-audio/520/f40bd50e4508456170ac2acacf8fb85928a9d46fbbdb7ee974bb1e19f5381af0.mp3
521,45,45,LEVEL_2_TO_3,1,marco,Let's work out together after class! What kind of exercise do you enjoy the most?,https://d19azau1un4t7r.cloudfront.net/content/scenario-question-audio/521/364d4ecd0de13f3d172b7146051022ce5e4615f9455b49fb6d0ed7cc86a2c97b.mp3
522,45,45,LEVEL_2_TO_3,2,marco,People exercise for different reasons. What do you hope to gain from it?,https://d19azau1un4t7r.cloudfront.net/content/scenario-question-audio/522/70e0adff207cbcd0a377d4e2a9cc1831312dafc8fe275266a3544bb7e8dfa0e7.mp3
523,45,45,LEVEL_2_TO_3,3,marco,Then let's plan it. What time and place would be easiest for you?,https://d19azau1un4t7r.cloudfront.net/content/scenario-question-audio/523/c5fc44c9eded5fd6295a16e36bdfa417cd74f6d0f2e1a36e03d871a5331a154b.mp3
524,45,45,LEVEL_4_TO_5,1,marco,Let's work out together after class! What kind of exercise do you want to do?,https://d19azau1un4t7r.cloudfront.net/content/scenario-question-audio/524/fc0ca5cccd63a94b637465ff7e0beab465befcd082ef4cc0100c7c3bc32d11fd.mp3
525,45,45,LEVEL_4_TO_5,2,marco,My goal is to build muscle. What about you — what do you want to get out of it?,https://d19azau1un4t7r.cloudfront.net/content/scenario-question-audio/525/87d4f9f9e5f1c637c70cd454b854636a8a328614a277a34881aa9bb4c37ec15d.mp3
526,45,45,LEVEL_4_TO_5,3,marco,"Cool, let's meet up then. Fair warning — I go pretty hard, so you might be walking home on shaky legs. When and where works for you?",https://d19azau1un4t7r.cloudfront.net/content/scenario-question-audio/526/e4653571a3e1c042aa8d8778d22da612943d629a1776f0519b87bf8bae34506b.mp3
527,60,60,LEVEL_1,1,marco,We need three nature photos. Do you like the sea or mountains?,https://d19azau1un4t7r.cloudfront.net/content/scenario-question-audio/527/9ab34630429cbf7726f1b12c4e9f2db827192935d043ebdb8f21f7a9557db497.mp3
528,60,60,LEVEL_1,2,marco,Nice! When and where should we take them?,https://d19azau1un4t7r.cloudfront.net/content/scenario-question-audio/528/57c5532385286b8621ed7e2ce39f152c1223c167363b5ba120436f04c8e63c8a.mp3
529,60,60,LEVEL_1,3,marco,Do you have a camera? You can use mine.,https://d19azau1un4t7r.cloudfront.net/content/scenario-question-audio/529/43040557d7995f21c249d155a14e3bf6d22d0eb877c86693df0549f894463f76.mp3
530,60,60,LEVEL_2_TO_3,1,marco,For class we have to turn in three photos of scenery. What kind of scenery do you like best?,https://d19azau1un4t7r.cloudfront.net/content/scenario-question-audio/530/e60e8beb9f5068f3def78b293c9b92818f058aeca21dcac078bd4dbd46eaa379.mp3
531,60,60,LEVEL_2_TO_3,2,marco,Nice. When and where should we take them so they look their best?,https://d19azau1un4t7r.cloudfront.net/content/scenario-question-audio/531/5168616ed5dd4fec67718ebf4d05cd6b35edf06493fc04719d7faf8c47375cff.mp3
532,60,60,LEVEL_2_TO_3,3,marco,"Do you have a camera? If not, I can lend you mine.",https://d19azau1un4t7r.cloudfront.net/content/scenario-question-audio/532/19220ee0c63d32010ebb6e6486a54c51ff803e354e31b26a4d95ddf472be1c28.mp3
533,60,60,LEVEL_4_TO_5,1,marco,So we need to submit three photos of our favorite scenery. What kind of scenery do you love most?,https://d19azau1un4t7r.cloudfront.net/content/scenario-question-audio/533/af172256e804815abfb2e59d3116455251586b9ec9a6085bf0684dd52d9b8700.mp3
534,60,60,LEVEL_4_TO_5,2,marco,Nice. When and where should we shoot to really capture that? I heard the light is best around golden hour.,https://d19azau1un4t7r.cloudfront.net/content/scenario-question-audio/534/3a5c8a7c87d6da6d840f1eb166e7a2beca0196006927d025c8bf0394fd8101cf.mp3
535,60,60,LEVEL_4_TO_5,3,marco,Then let's meet at six the day after tomorrow. And for the other spots — I know just the place. Trust me and follow my lead. Sound good?,https://d19azau1un4t7r.cloudfront.net/content/scenario-question-audio/535/2643182df579508d547849589df88629ff8392364090a14a01e02026cfecaf4d.mp3
536,59,59,LEVEL_1,1,teddy,Your coupon needs five more dollars. What would you like to do?,https://d19azau1un4t7r.cloudfront.net/content/scenario-question-audio/536/d88cf8cc6af0e2baea8b6e8ac4d5877e00f41114e03e4dd74ae0f903f0650559.mp3
537,59,59,LEVEL_1,2,teddy,Spend twenty more dollars today. Then you get a fifteen dollar coupon next time. Do you want to buy more?,https://d19azau1un4t7r.cloudfront.net/content/scenario-question-audio/537/854d30f06d281e5574a7903ea7ad85cdda60423785a8ade36551534cae82dfbf.mp3
538,59,59,LEVEL_1,3,teddy,All done! Do you want points today?,https://d19azau1un4t7r.cloudfront.net/content/scenario-question-audio/538/3f5a2e706abf7435efdb576900c30587dc91de1572e494a258116d18b87a039c.mp3
539,59,59,LEVEL_2_TO_3,1,teddy,"The coupon is valid, but you're a little under the minimum. Would you rather add a small item or pay without the discount?",https://d19azau1un4t7r.cloudfront.net/content/scenario-question-audio/539/113af2066c133aafc06118592d43fffd2b71fa39ef7bf07c66e87a08e03b280f.mp3
540,59,59,LEVEL_2_TO_3,2,teddy,One more thing — spend forty dollars today and you'll get a fifty-dollar coupon next time. Would you like to add anything?,https://d19azau1un4t7r.cloudfront.net/content/scenario-question-audio/540/659459d04306a6c954f9c8975fd533fc54fd365a29537d039dcb9732eaf29cd6.mp3
541,59,59,LEVEL_2_TO_3,3,teddy,"All set! Would you like to use your membership today, and do you need a receipt?",https://d19azau1un4t7r.cloudfront.net/content/scenario-question-audio/541/615d8429ea50f906182f88e6d287990173ab44c49684f52717616d2ac126a3e3.mp3
542,59,59,LEVEL_4_TO_5,1,teddy,"Let me check… ah, the coupon's valid, but you're four dollars short of the minimum. You could add something small, or you'd have to pay full price without the coupon — what would you like to do?",https://d19azau1un4t7r.cloudfront.net/content/scenario-question-audio/542/d99280f2ed393c3a6079d7197cfb58dd7ec3fe9772bdc3e3cd1d2dc6c9ec3eea.mp3
543,59,59,LEVEL_4_TO_5,2,teddy,"Oh, and just so you know — if you add forty dollars to your purchase today, you get a fifty-dollar coupon for next time. Would you like to add anything?",https://d19azau1un4t7r.cloudfront.net/content/scenario-question-audio/543/f258d3a2367a6d5b0286ebbc6a430122b466159a81ed278c84ae809fc67e533d.mp3
544,59,59,LEVEL_4_TO_5,3,teddy,"All done! Would you like to earn points on this purchase, and do you need your receipt?",https://d19azau1un4t7r.cloudfront.net/content/scenario-question-audio/544/602eef42835b1cc92ce7ece6c71d262fc70ae072a88aaf8c2e61618610fbc34a.mp3
545,51,51,LEVEL_1,1,teddy,"Okay, I can help you. What happened here?",https://d19azau1un4t7r.cloudfront.net/content/scenario-question-audio/545/4fe82f1061daa6252dc136f4eae511c230f7b7c6aeb459e1f142b09103973469.mp3
546,51,51,LEVEL_1,2,teddy,You must put a sticker on fruit yourself. Do you have another problem?,https://d19azau1un4t7r.cloudfront.net/content/scenario-question-audio/546/5441fd8081e9ade8c024fbcd1c868e5dda8712d7386f34a96067347c4f564f17.mp3
547,51,51,LEVEL_1,3,teddy,I will watch your things. Can you get the sticker?,https://d19azau1un4t7r.cloudfront.net/content/scenario-question-audio/547/419718a4d692f00b18d9e082611363dbe8ed4efc34f7b8067e7d47113641c561.mp3
548,51,51,LEVEL_2_TO_3,1,teddy,"Of course, let me have a look. What were you doing when the trouble started?",https://d19azau1un4t7r.cloudfront.net/content/scenario-question-audio/548/0dfa83c7cd926347c3722105feb548489765b1f1ee72045cc96727593ced07af.mp3
549,51,51,LEVEL_2_TO_3,2,teddy,"Ah, I see. Fruit needs a special sticker before you pay. Is anything else giving you trouble?",https://d19azau1un4t7r.cloudfront.net/content/scenario-question-audio/549/86de211d2268a0ecc5fcc2da55cf599da3309d00864eefcc9bac39d5bc457c63.mp3
550,51,51,LEVEL_2_TO_3,3,teddy,"Don't worry, your things are safe with me here. Could you quickly go and get that sticker?",https://d19azau1un4t7r.cloudfront.net/content/scenario-question-audio/550/61d4547ffe0f854092a66b58685090dc51454820ddb746d4778852fbbe228c99.mp3
551,51,51,LEVEL_4_TO_5,1,teddy,"Sure, let me take a look. This machine acts up all the time. What were you doing when it froze?",https://d19azau1un4t7r.cloudfront.net/content/scenario-question-audio/551/92b3f8bc01746dbfbd52c6c92a8c4a0bb22023adc7e10026b90268e46d884e54.mp3
552,51,51,LEVEL_4_TO_5,2,teddy,"Ah, I see — for fruit, you need to weigh it and print the sticker back where you picked it up. Is anything else giving you trouble?",https://d19azau1un4t7r.cloudfront.net/content/scenario-question-audio/552/64ecc4d9fe9ba994a12ccdaded246934b184ddbffafda8c84a187d0d2d24593d.mp3
553,51,51,LEVEL_4_TO_5,3,teddy,No worries — I'll watch your things here at the checkout while you go. Could you quickly pop over and grab the sticker?,https://d19azau1un4t7r.cloudfront.net/content/scenario-question-audio/553/28df7ef5183064fd64d36013f48a292fc220b50c9d081aa3d8e8020f5dcc4437.mp3
554,43,43,LEVEL_1,1,teddy,We have an action movie and a cartoon tonight. Which one?,https://d19azau1un4t7r.cloudfront.net/content/scenario-question-audio/554/6b069427ac20a3233ed6e9ce78b080fbd5bb155eb4cdecbceb537559952196b2.mp3
555,43,43,LEVEL_1,2,teddy,We have seven or nine o'clock. How many tickets?,https://d19azau1un4t7r.cloudfront.net/content/scenario-question-audio/555/a2e91bb73da2528abb411fa3e3a11cd5fe8049426bc69f10156a8972c6b6f20d.mp3
556,43,43,LEVEL_1,3,teddy,Okay! Do you want popcorn or a drink?,https://d19azau1un4t7r.cloudfront.net/content/scenario-question-audio/556/025786250c2b683cf363b5e21ff332bcbac22e7800025e2ce35b5affb42ade30.mp3
557,43,43,LEVEL_2_TO_3,1,teddy,We're showing an action movie and an animated one tonight. Which one sounds better to you?,https://d19azau1un4t7r.cloudfront.net/content/scenario-question-audio/557/4b49660f5de4ea42a817a07965f45ec0f96c4676dec8a213b5d3ea57b62fcfd1.mp3
558,43,43,LEVEL_2_TO_3,2,teddy,"The seven o'clock is almost full, so you'd be sitting up front. The nine o'clock still has plenty of good seats — which works better?",https://d19azau1un4t7r.cloudfront.net/content/scenario-question-audio/558/b5936c578de8b8bc2caac460b43f91a9dda7360b2ff48180218529798cf06698.mp3
559,43,43,LEVEL_2_TO_3,3,teddy,"One ticket, then. We have all kinds of snacks here — what do you like to have during a movie?",https://d19azau1un4t7r.cloudfront.net/content/scenario-question-audio/559/55e73259e11f5bbd978de5b86c824ed85937fe7b37a021b56ec89e2b34df9cfa.mp3
560,43,43,LEVEL_4_TO_5,1,teddy,We've got an action movie and an animated one showing tonight. What are you in the mood for?,https://d19azau1un4t7r.cloudfront.net/content/scenario-question-audio/560/6b5e5851acc7cdae89733eeb33cacb951546285548655b10ffb91f0336b55ac8.mp3
561,43,43,LEVEL_4_TO_5,2,teddy,"The seven o'clock is almost full, so you'd be sitting near the front. The nine o'clock still has plenty of good seats. Which works better for you?",https://d19azau1un4t7r.cloudfront.net/content/scenario-question-audio/561/a290508afb9a181339b582f86d5cf527700db5ebbea1c82c79f29d0e64517714.mp3
562,43,43,LEVEL_4_TO_5,3,teddy,"That's one ticket, then. We've got all kinds of snacks here — what do you usually go for when you watch a movie?",https://d19azau1un4t7r.cloudfront.net/content/scenario-question-audio/562/bf2221f29a83b7690f465dbf57aeb5818cc1dcef95d9c5fd410042ab2a406878.mp3
563,57,57,LEVEL_1,1,teddy,Your seat is that way. Which team do you like?,https://d19azau1un4t7r.cloudfront.net/content/scenario-question-audio/563/f4d1dad05bb9935f3fea414d84cd7ed8ec0570f3555fc54f8d3a6dfbf71597bd.mp3
564,57,57,LEVEL_1,2,teddy,Is this your first game? Ask me anything.,https://d19azau1un4t7r.cloudfront.net/content/scenario-question-audio/564/756e8da2ca23c480de79c9cb0452df2efc43fe466d94717385abcaab117b93a8.mp3
565,57,57,LEVEL_1,3,teddy,People here eat meat pies. Do you want one?,https://d19azau1un4t7r.cloudfront.net/content/scenario-question-audio/565/be9309b8bfa82c516ac58c5a08c6d778f372e336bc54ac2dc3914199fa005e75.mp3
566,57,57,LEVEL_2_TO_3,1,teddy,Here's your seat — up those stairs in block C. So which team are you here for today?,https://d19azau1un4t7r.cloudfront.net/content/scenario-question-audio/566/d8196dd5969fc65fbe1c79e5e8d3afbf145ff653b14dd3e8167d3865133601c3.mp3
567,57,57,LEVEL_2_TO_3,2,teddy,Is this your first match here? Is there anything you want to know before it starts?,https://d19azau1un4t7r.cloudfront.net/content/scenario-question-audio/567/cc6fc064da1a81895b91cc597fe9e45fbdfb7eef8b43fe02d51b5d42af091a4d.mp3
568,57,57,LEVEL_2_TO_3,3,teddy,At halftime most fans eat a meat pie here. Would you like one?,https://d19azau1un4t7r.cloudfront.net/content/scenario-question-audio/568/80e7ba18e0b5d4a835ac065d35125cc22b614511a4662b8b88fb17ca87d65c14.mp3
569,57,57,LEVEL_4_TO_5,1,teddy,"Let me see your ticket… you're up those stairs, block C. So, which team are you here to cheer for today?",https://d19azau1un4t7r.cloudfront.net/content/scenario-question-audio/569/065e6d86ec777118e2a2619795772603fafc7c7d0cd61a8538b00da03a577513.mp3
570,57,57,LEVEL_4_TO_5,2,teddy,"First time at a stadium here? When we score, everyone jumps up and sings — the words are on the big screen, so just join in. Anything you're curious about before kickoff?",https://d19azau1un4t7r.cloudfront.net/content/scenario-question-audio/570/849846aa276b347ea6bfd3431512ec2fb4081284d767673100414b00c6125efe.mp3
571,57,57,LEVEL_4_TO_5,3,teddy,At halftime everyone grabs a meat pie — it's tradition. Fancy trying one?,https://d19azau1un4t7r.cloudfront.net/content/scenario-question-audio/571/e9cb8ef0de36e62bef73d1df35274551c9e8f2a34d8fdb0bf5a946249912c1fc.mp3
572,68,68,LEVEL_1,1,teddy,What is in the box?,https://d19azau1un4t7r.cloudfront.net/content/scenario-question-audio/572/9c039c483c85dbe0cd02bd529c89b02f34817d3e2d0533421c09a57823444b43.mp3
573,68,68,LEVEL_1,2,teddy,Do you want fast mail or slow mail?,https://d19azau1un4t7r.cloudfront.net/content/scenario-question-audio/573/16e86261db1a363a484189a06b508d7e5ef69e1fd74851152f8f0bdacda6f24b.mp3
574,68,68,LEVEL_1,3,teddy,Do you want insurance for four pounds?,https://d19azau1un4t7r.cloudfront.net/content/scenario-question-audio/574/59a7522ce906a3d18ccc77b6a867f6214cb646502a4f2f80db36d44c51576c07.mp3
575,68,68,LEVEL_2_TO_3,1,teddy,What's in the package? Is there anything I should be careful with?,https://d19azau1un4t7r.cloudfront.net/content/scenario-question-audio/575/99d7cda2c4c46149c26a75f385b2c112b34e17e1aad8a70e29fd5e614ab6fba1.mp3
576,68,68,LEVEL_2_TO_3,2,teddy,"Express takes about a week for 25 pounds, and standard takes three weeks for 12. How soon do you want it delivered?",https://d19azau1un4t7r.cloudfront.net/content/scenario-question-audio/576/a457f2eef56a13130fd24078329b11b5d118694fea7586b25e526f9168b92a4e.mp3
577,68,68,LEVEL_2_TO_3,3,teddy,Would you like to add insurance for four pounds? I also need to write down the value of the items.,https://d19azau1un4t7r.cloudfront.net/content/scenario-question-audio/577/671885d85c6d1fe87f64e5460dd81a4e6a54995a30cff1d7c4488bfcc4e4e620.mp3
578,68,68,LEVEL_4_TO_5,1,teddy,What's in the package? Anything fragile I should know about?,https://d19azau1un4t7r.cloudfront.net/content/scenario-question-audio/578/91de17004e8961017b419d37b8dbc80aae7969a0a1034455fece7697e38b8282.mp3
579,68,68,LEVEL_4_TO_5,2,teddy,Express takes about a week at twenty-five pounds; standard takes three weeks at twelve. When does it need to get there?,https://d19azau1un4t7r.cloudfront.net/content/scenario-question-audio/579/729f54054208ca8254bb85daa1e11e348bd6d0289d4ca54db411011085d3de52.mp3
580,68,68,LEVEL_4_TO_5,3,teddy,"Since it's gifts, would you like to add insurance for four pounds? And I'll need a rough value for the customs form — about how much is everything worth?",https://d19azau1un4t7r.cloudfront.net/content/scenario-question-audio/580/9b4e991f17adadeca95bcf9fa77d4cd159eb0df4faa2560ecb9c97cc2c577d2a.mp3
581,49,49,LEVEL_1,1,teddy,"Yes, you order here. Light beer or dark beer?",https://d19azau1un4t7r.cloudfront.net/content/scenario-question-audio/581/6872dd8f5298175835909f3572b62a28e6cc6262529d54cd3eaa17b415df3bf2.mp3
582,49,49,LEVEL_1,2,teddy,Okay! A pint is bigger. Do you want a pint or a half?,https://d19azau1un4t7r.cloudfront.net/content/scenario-question-audio/582/ad76a5ca61749a8eb41b1a678ae3ee2c1aebbc58c8c8e0673445b6e953cbed20.mp3
583,49,49,LEVEL_1,3,teddy,That is twelve pounds. Do you want to pay now or later?,https://d19azau1un4t7r.cloudfront.net/content/scenario-question-audio/583/796346927fed5016884d96f3eddc525d68ae61ade8a89af987ab572eb253dc09.mp3
584,49,49,LEVEL_2_TO_3,1,teddy,"Yes, you order and pay here at the bar first. Tell me what you normally drink and I'll find you something similar.",https://d19azau1un4t7r.cloudfront.net/content/scenario-question-audio/584/01476552ba7efbdf47ca05d6b54d82b8e0ff07db08e3146499a722743a7deb9f.mp3
585,49,49,LEVEL_2_TO_3,2,teddy,"Good choice — pint or half? Our fish and chips is famous, if you're eating.",https://d19azau1un4t7r.cloudfront.net/content/scenario-question-audio/585/8c0e092ec78d4ac7ab80b326f66df2b60f3e199c65b338721fbe744b19de1656.mp3
586,49,49,LEVEL_2_TO_3,3,teddy,"That's twelve pounds forty. You can pay each time, or leave your card and pay for everything when you leave — which do you prefer?",https://d19azau1un4t7r.cloudfront.net/content/scenario-question-audio/586/b025b46f1abd76c1c005b2b0ebd9d07a707e00bae87a3471fd03de0c020a9ca3.mp3
587,49,49,LEVEL_4_TO_5,1,teddy,"Yes, you order and pay here at the bar first. What do you usually drink back home? We've got light, crisp lagers and rich, hoppy ales on tap — I'll find you something similar.",https://d19azau1un4t7r.cloudfront.net/content/scenario-question-audio/587/4f2113c1ec44a6ab2256c7b60e95e91912b90e4ee27f14a23d2156784886ca7d.mp3
588,49,49,LEVEL_4_TO_5,2,teddy,Good choice. Pint or half? And are you eating? The fish and chips here is famous.,https://d19azau1un4t7r.cloudfront.net/content/scenario-question-audio/588/aff9a80e6ae8ad9f40baacb2d966699fa286e3bd69f3230dca7671a397ecf222.mp3
589,49,49,LEVEL_4_TO_5,3,teddy,"That'll be twelve pounds forty. You can pay as you go, or if you're planning on a few, I can start you a tab — you leave your card and settle up when you leave. How would you like to do it?",https://d19azau1un4t7r.cloudfront.net/content/scenario-question-audio/589/708f2768cbc707d3bdb07b87aa03217305f45cbf3b7bd586ba02c084f4814c87.mp3
590,53,53,LEVEL_1,1,teddy,What kind of tea do you like? I can help.,https://d19azau1un4t7r.cloudfront.net/content/scenario-question-audio/590/fa09e1600fae524d0ed1db806649af667dbadaa1418167acd81b3b204232998b.mp3
591,53,53,LEVEL_1,2,teddy,The scones come with cream and jam. Which goes first?,https://d19azau1un4t7r.cloudfront.net/content/scenario-question-audio/591/01304ad64b40dffbd2bb31de8d0af2a5a85a8eaa6ab39792fb0a6266e365dbfd.mp3
592,53,53,LEVEL_1,3,teddy,Your cup is empty. Would you like more tea?,https://d19azau1un4t7r.cloudfront.net/content/scenario-question-audio/592/378a05ba1e9e02a652743b031487f5cb15e0db9da1d3ee01714de44d98c0c2e4.mp3
593,53,53,LEVEL_2_TO_3,1,teddy,"What kind of tea do you usually enjoy — floral, strong, or fruity? If it's your first time, I can recommend a few.",https://d19azau1un4t7r.cloudfront.net/content/scenario-question-audio/593/b0c7e0d599c3655ce5ce1b6d2ba97e6d0b5896ff3f5a32c12a15a2b298e031e2.mp3
594,53,53,LEVEL_2_TO_3,2,teddy,The scones come with clotted cream and jam. Do you put jam first or cream first? I can show you how we do it here.,https://d19azau1un4t7r.cloudfront.net/content/scenario-question-audio/594/af2cec5dd9e0e84a2238df863026cbcc098545615fdf361a20ba3d25335e44ea.mp3
595,53,53,LEVEL_2_TO_3,3,teddy,"How is everything so far? Would you like a refill — the same one, or shall I bring the menu again?",https://d19azau1un4t7r.cloudfront.net/content/scenario-question-audio/595/d263f8397bc8cdaa6b1463816b12f5c65cad4ca0f0bbf1e5b86cae919d8c5354.mp3
596,53,53,LEVEL_4_TO_5,1,teddy,"Lovely! What kind of tea do you usually enjoy — floral, strong, fruity? If it's your first afternoon tea, I can recommend a few.",https://d19azau1un4t7r.cloudfront.net/content/scenario-question-audio/596/108a48320eb54351d6532cd5f68f929ac7e3864a4ccb4a20986424b07e2f2b42.mp3
597,53,53,LEVEL_4_TO_5,2,teddy,Here's a tip — the scones come with clotted cream and jam. Would you like me to show you the proper way to eat them?,https://d19azau1un4t7r.cloudfront.net/content/scenario-question-audio/597/0dfbac7ea3e57526d39edc988e20c9e1b857e1752f098bc8024e6e21c24def0d.mp3
598,53,53,LEVEL_4_TO_5,3,teddy,"How is everything? Would you like a refill — same tea, or something different this time?",https://d19azau1un4t7r.cloudfront.net/content/scenario-question-audio/598/9bf07e00134345666debbb09e0acfd149837b6e682ec4079c3bb49006a6b945c.mp3
599,61,61,LEVEL_1,1,teddy,"Hi, welcome! What do you want for your hair today?",https://d19azau1un4t7r.cloudfront.net/content/scenario-question-audio/599/875c250b416c2e95813a93e79943fd19dc2547d039a5534e89ac53ddafcd4a94.mp3
600,61,61,LEVEL_1,2,teddy,"How much should I cut, and your bangs too?",https://d19azau1un4t7r.cloudfront.net/content/scenario-question-audio/600/7203352ad96c1a774ca6bf041e69c1dd7ec5491990ec631efa1df63469b024b9.mp3
601,61,61,LEVEL_1,3,teddy,All done! Do you like it?,https://d19azau1un4t7r.cloudfront.net/content/scenario-question-audio/601/e6b29d97814963d2b9dd0cd729c1997d1c48157ac25ce5b869e3cb18dc00043a.mp3
602,61,61,LEVEL_2_TO_3,1,teddy,"Hi, welcome in! What would you like me to do with your hair today?",https://d19azau1un4t7r.cloudfront.net/content/scenario-question-audio/602/f8babafc2c386942c57447928518f436a44ec8a47bcc68d3d319c7fca7625afb.mp3
603,61,61,LEVEL_2_TO_3,2,teddy,How much should I cut off? And do you want me to do the front as well?,https://d19azau1un4t7r.cloudfront.net/content/scenario-question-audio/603/0844b18f0a67874cb027e2681a3e87e02fe84299d25380b49306bde8d35ea0fd.mp3
604,61,61,LEVEL_2_TO_3,3,teddy,"All done — take a look! How does it look to you, and is there anything you'd like me to fix?",https://d19azau1un4t7r.cloudfront.net/content/scenario-question-audio/604/1bdc9c0e74b740302a606d8bb6a2f9ebd2b989a214b308e36a09b5ed863b029a.mp3
605,61,61,LEVEL_4_TO_5,1,teddy,"Hi, welcome in! So what are we doing with your hair today?",https://d19azau1un4t7r.cloudfront.net/content/scenario-question-audio/605/d0dec993098ad5e754e279317be9e711711f802a3aad70becb6e25b456661aa0.mp3
606,61,61,LEVEL_4_TO_5,2,teddy,"Got it. How much length should I take off, and do you want me to trim your bangs while I'm at it?",https://d19azau1un4t7r.cloudfront.net/content/scenario-question-audio/606/922f94fde0b47846926939ef7333d645193b5cebe94d1948cb63c258ead28547.mp3
607,61,61,LEVEL_4_TO_5,3,teddy,All done — take a look! How do you like it? Anything you want me to touch up?,https://d19azau1un4t7r.cloudfront.net/content/scenario-question-audio/607/95fd511295c4e9fcffa5f541d132b1d0173c75e8b839ba23722dee9ec5aaab64.mp3
608,63,63,LEVEL_1,1,teddy,That team needs one more person. Do you want to play?,https://d19azau1un4t7r.cloudfront.net/content/scenario-question-audio/608/fff0990b616c99a21cb96e9075f0a177a0a9bf869a4a238f38cdaad40ac3d0d6.mp3
609,63,63,LEVEL_1,2,teddy,The quiz has music and sports. Which one is easy for you?,https://d19azau1un4t7r.cloudfront.net/content/scenario-question-audio/609/e731540906c8175375cb690a10ebc76690f25c47435835847dc01544a3ced213.mp3
610,63,63,LEVEL_1,3,teddy,Now we need a team name. What is your idea?,https://d19azau1un4t7r.cloudfront.net/content/scenario-question-audio/610/3d44ca314c6a03ecf041bf5548196905b2385e507d7894e0b1fa3727a8480ad8.mp3
611,63,63,LEVEL_2_TO_3,1,teddy,Quiz night starts soon and that team is one person short. Would you like to play with them?,https://d19azau1un4t7r.cloudfront.net/content/scenario-question-audio/611/d95fc4cc0e08f3759df934338e4bd961fa93321fb4e0fcd397239fcd20ea2869.mp3
612,63,63,LEVEL_2_TO_3,2,teddy,"The topics are music, sports, and general knowledge. Which one suits you best?",https://d19azau1un4t7r.cloudfront.net/content/scenario-question-audio/612/db8d89e85f68d97e05ec1706e31f01a680419a3b1d8a4c91396ff4f196b0458f.mp3
613,63,63,LEVEL_2_TO_3,3,teddy,"Entry is two pounds, and the winning team drinks free. So, what name should your team use?",https://d19azau1un4t7r.cloudfront.net/content/scenario-question-audio/613/8dc817a592d435471df40aa0d4f587b9f318b0be2c75f5997f429dac4e21a957.mp3
614,63,63,LEVEL_4_TO_5,1,teddy,"Hey, are you here on your own? Quiz night's about to start and that team over there needs one more — want to join in?",https://d19azau1un4t7r.cloudfront.net/content/scenario-question-audio/614/3ef807d9b38f2f96668900dfc17a9f4b4ba888895bee8aa2129a964eb50251c3.mp3
615,63,63,LEVEL_4_TO_5,2,teddy,"The rounds are music, sports, and general knowledge. What are you good at? Your new team will want to know.",https://d19azau1un4t7r.cloudfront.net/content/scenario-question-audio/615/352e83e3d390bab8123345e817359107e979a731ce88e85683d2daa402041eb0.mp3
616,63,63,LEVEL_4_TO_5,3,teddy,"It's two pounds to enter, and the winners drink for free. Now the big question — what should your team be called?",https://d19azau1un4t7r.cloudfront.net/content/scenario-question-audio/616/70edb8f3b6489a3abbb1af7e97a8c876f0657a131250e954c690994e885d6f9e.mp3
617,69,69,LEVEL_1,1,teddy,Let me check your card. How did you travel today?,https://d19azau1un4t7r.cloudfront.net/content/scenario-question-audio/617/1c2db4788769c309549a32fd7eb661f778a8710d680d4cb7dd8cc281f25b1258.mp3
618,69,69,LEVEL_1,2,teddy,You paid too much. I will return the extra money. Where are you going now?,https://d19azau1un4t7r.cloudfront.net/content/scenario-question-audio/618/ed695f0ebbb251ce16823cd7f5c775ff9f0e4fc6576b45c8cbbd601037551556.mp3
619,69,69,LEVEL_1,3,teddy,You can buy a day pass. How often do you ride?,https://d19azau1un4t7r.cloudfront.net/content/scenario-question-audio/619/4857eb793257375d59ce25dcc2345ed6ce0ef3143c7c17a34cdbdc2a1b707d19.mp3
620,69,69,LEVEL_2_TO_3,1,teddy,"What's the problem? Tell me how you traveled today, and I'll look at your card.",https://d19azau1un4t7r.cloudfront.net/content/scenario-question-audio/620/af488cb8a445f432841c7d5ab40add206289c13288868a41e416ee7ac1919753.mp3
621,69,69,LEVEL_2_TO_3,2,teddy,You paid more than you should have. I'll return the difference now. Where are you heading?,https://d19azau1un4t7r.cloudfront.net/content/scenario-question-audio/621/293bd473999032c4db886f6308aa31ba0b04db446c147a75e2f6377d88c1e3af.mp3
622,69,69,LEVEL_2_TO_3,3,teddy,"How many days are you staying, and how often will you use the subway? There may be a cheaper option for you.",https://d19azau1un4t7r.cloudfront.net/content/scenario-question-audio/622/df1f768a25a2479ac734f12218eb0f8b4f26eab9d3a24312fbc10f8a4471810c.mp3
623,69,69,LEVEL_4_TO_5,1,teddy,"What seems to be the trouble? Take your time — walk me through how you've been traveling today, and I'll check your card.",https://d19azau1un4t7r.cloudfront.net/content/scenario-question-audio/623/2b4808fb256f36def914401908e527ab40726785d271aa27832554ce86f7e44c.mp3
624,69,69,LEVEL_4_TO_5,2,teddy,You're right — you were overcharged. I'll refund the difference right away. Where are you trying to get to at the moment?,https://d19azau1un4t7r.cloudfront.net/content/scenario-question-audio/624/ebfd066ab01164324997290abe62a4c82aef46746b43c403ba7c2a2f1239ba94.mp3
625,69,69,LEVEL_4_TO_5,3,teddy,"How much longer are you in London, and how often will you be riding? Depending on that, a day pass could save you money — what would you like to do?",https://d19azau1un4t7r.cloudfront.net/content/scenario-question-audio/625/0bb8cfde187cabb4fd3b6221544be048a033713e5acd8d44d19dc2a5037edffb.mp3
626,66,66,LEVEL_1,1,teddy,I can show you a good hiking path! How many hours can you walk today?,https://d19azau1un4t7r.cloudfront.net/content/scenario-question-audio/626/d7db9cb314caea80f215ab68ac7ae4e30f8eecc7d56173c3a45bbf123f39f662.mp3
627,66,66,LEVEL_1,2,teddy,It may rain later. Lake path or hill path?,https://d19azau1un4t7r.cloudfront.net/content/scenario-question-audio/627/dc985bee520728441665468f525d63f89dd4ad91ca14105e3da5e71e7d0c25c8.mp3
628,66,66,LEVEL_1,3,teddy,Good choice! What is in your bag today?,https://d19azau1un4t7r.cloudfront.net/content/scenario-question-audio/628/146fcc316e3b78eb8ce536700b5fde2b946bfa15a9706d2dc4cdc83b9e432e7b.mp3
629,66,66,LEVEL_2_TO_3,1,teddy,Great! Do you hike a lot? And how long do you want to be out today?,https://d19azau1un4t7r.cloudfront.net/content/scenario-question-audio/629/5854721f2f30df514798336c78667f8a7471c71b3a687aa81a54181491584a86.mp3
630,66,66,LEVEL_2_TO_3,2,teddy,"There's a flat trail around the lake, and a harder one up a hill with a lookout at the top. Rain is coming this afternoon. Which one would you prefer?",https://d19azau1un4t7r.cloudfront.net/content/scenario-question-audio/630/cca3345a058efaafc1906d4a9b9aeed0777fa582c45df63ddf7cfdfacf290c5e.mp3
631,66,66,LEVEL_2_TO_3,3,teddy,Good choice. What did you bring today? I'll tell you if something is missing.,https://d19azau1un4t7r.cloudfront.net/content/scenario-question-audio/631/df05964d607d7452d7c126b96267848bff2f2f51e9d833a5c97407c27278869f.mp3
632,66,66,LEVEL_4_TO_5,1,teddy,"Sure! Do you hike often, and how many hours are you up for today?",https://d19azau1un4t7r.cloudfront.net/content/scenario-question-audio/632/2c400de498b87703df0d0fbaee1ff2c63358d88058d3d41dc888cdeabab665e1.mp3
633,66,66,LEVEL_4_TO_5,2,teddy,"There's an easy lakeside loop, and a steep hill route with an amazing lookout — but rain's expected this afternoon. Which sounds right for you?",https://d19azau1un4t7r.cloudfront.net/content/scenario-question-audio/633/5c75d9c0ab8aa463297254ae234683295ede5fa270778b3f5c90de8c67a4cf1c.mp3
634,66,66,LEVEL_4_TO_5,3,teddy,"Good pick. What have you got with you today — water, snacks, anything else? I'll tell you if you're missing anything.",https://d19azau1un4t7r.cloudfront.net/content/scenario-question-audio/634/07c422aa8d47968988ed4d880d305b29f8eaabac8907f639683bbafd9fffd599.mp3
